{"cameraMode":{"drawMode":0,"name":"Shaded","section":"Shading Mode"},"sceneLighting":true,"audioPlay":false,"sceneViewState":{"showFog":true,"showMaterialUpdate":false,"showSkybox":true,"showFlares":true,"showImageEffects":true,"showParticleSystems":true},"in2DMode":false,"pivot":{"x":1.6399999856948853,"y":6.909999847412109,"z":-2.8399999141693117},"rotation":{"x":0.06441010534763336,"y":0.03741283714771271,"z":-0.002419042633846402,"w":0.9972190856933594},"size":19.701332092285158,"orthographic":true}