{"cameraMode":{"drawMode":0,"name":"Shaded","section":"Shading Mode"},"sceneLighting":true,"audioPlay":false,"sceneViewState":{"showFog":true,"showMaterialUpdate":false,"showSkybox":true,"showFlares":true,"showImageEffects":true,"showParticleSystems":true},"in2DMode":false,"pivot":{"x":3.0999999046325685,"y":-2.5999999046325685,"z":-0.33000004291534426},"rotation":{"x":0.01347613986581564,"y":0.058461155742406848,"z":-0.0007922997465357184,"w":0.9981984496116638},"size":9.259394645690918,"orthographic":true}